id,name,created_at,updated_at
1,task1,2023-02-01 17:23:52.312833,
1,task2,2023-02-01 17:31:08.659286,
2,kjnk,2023-02-01 17:45:52.520572,
3,mnkj,2023-02-01 17:46:06.050799,
4,sdkj,2023-02-01 17:46:22.066651,
5,kjn,2023-02-01 17:56:12.593382,
6,mjnk,2023-02-01 17:56:39.143326,
7,kjn,2023-02-01 17:57:09.803218,
8,nbj,2023-02-01 17:58:37.998209,
9,kjnij,2023-02-01 17:59:48.983104,
10,kjnj,2023-02-01 18:00:08.653436,
11,123,2023-02-01 18:01:48.549638,
12,kjn,2023-02-01 18:03:42.805017,
13,kjjmkj,2023-02-01 18:05:36.852995,
14,jni,2023-02-01 18:06:32.076860,
15,kjnjkn,2023-02-01 18:06:45.034256,
16,kjnjkn,2023-02-01 18:07:09.508553,
17,kjnjkn,2023-02-01 18:07:10.982231,
18,kjnjkn,2023-02-01 18:07:12.111009,
19,kjnjkn,2023-02-01 18:07:13.331618,
20,kjnjkn,2023-02-01 18:07:15.323972,
21,kjnjkn,2023-02-01 18:07:17.389179,
22,kjnjkn,2023-02-01 18:07:24.658729,
23,kjm,2023-02-01 18:08:12.080903,
